Ward,Searches,Searches which got estimate,Searches for Quotes,Searches which got Quotes,Bookings,Completed Trips,Search-to-estimate Rate,Estimate-to-search for quotes Rate,Quote Acceptance Rate,Quote-to-booking Rate,Cancelled Bookings,Booking Cancellation Rate,Conversion Rate,Drivers' Earnings,Average Distance per Trip (km),Average Fare per Trip,Distance Travelled (km),Latitude,Longitude
Shantala Nagar,"24,01,161","23,84,599","20,67,653","8,56,568","8,41,607","4,74,271",99.30%,86.70%,41.40%,98.30%,"3,67,010",43.60%,19.80%,"₹7,11,77,412",7.48,₹138.74,"38,63,534",12.9743201,77.5713592
Doddakanahalli,"17,27,250","17,11,471","14,56,511","5,96,480","5,87,089","3,50,792",99.10%,85.10%,40.90%,98.40%,"2,36,139",40.20%,20.30%,"₹5,92,11,778",9.02,₹159.54,"33,54,728",12.8877198,77.69982279254712
Agara,"12,26,026","12,14,797","10,43,176","5,20,539","5,08,562","3,36,728",99.10%,85.90%,49.90%,97.70%,"1,71,714",33.80%,27.50%,"₹4,75,68,017",7.63,₹137.67,"26,33,026",12.9234202,77.6516783
Koramangala,"11,69,452","11,58,300","9,94,218","5,28,008","5,15,062","3,34,904",99.10%,85.80%,53.10%,97.50%,"1,80,001",34.90%,28.60%,"₹4,45,96,808",6.97,₹128.74,"24,37,405",12.9582149,77.64133100000001
Adugodi,"11,91,234","11,82,173","10,05,962","5,36,543","5,22,711","3,13,312",99.20%,85.10%,53.30%,97.40%,"2,09,053",40.00%,26.30%,"₹4,38,90,701",7.02,₹131.45,"23,38,615",12.952282,77.6053196
Suddagunte Palya,"13,20,628","13,08,932","11,26,624","5,42,706","5,30,825","2,96,399",99.10%,86.10%,48.20%,97.80%,"2,34,284",44.10%,22.40%,"₹3,94,11,590",7.11,₹129.98,"21,74,999",12.9303921,77.60755493947676
Vasanth Nagar,"9,62,005","9,55,421","7,95,373","4,23,856","4,16,058","2,62,534",99.30%,83.20%,53.30%,98.20%,"1,53,393",36.90%,27.30%,"₹3,59,20,222",7.4,₹132.98,"20,32,705",12.9934283,77.5902145
Bellanduru,"13,65,703","13,54,563","11,76,030","4,47,575","4,40,185","2,57,849",99.20%,86.80%,38.10%,98.30%,"1,82,240",41.40%,18.90%,"₹4,46,94,374",9.17,₹160.63,"25,50,817",12.919442501045454,77.6855253
Hoysala Nagar,"7,03,222","6,98,197","5,86,782","3,31,654","3,26,166","2,17,110",99.30%,84.00%,56.50%,98.30%,"1,08,961",33.40%,30.90%,"₹2,78,98,914",6.37,₹119.80,"15,04,039",12.9802093,77.6273767
Byrasandra,"6,24,214","6,18,914","5,00,722","3,14,383","3,08,615","2,08,058",99.20%,80.90%,62.80%,98.20%,"1,00,479",32.60%,33.30%,"₹2,47,00,142",6.28,₹113.20,"13,72,034",13.0200235,77.6092887
Old Thippasandra,"6,33,865","6,28,921","5,41,589","3,15,579","3,10,219","2,03,512",99.20%,86.10%,58.30%,98.30%,"1,06,602",34.40%,32.10%,"₹2,77,16,600",7.01,₹129.86,"14,93,473",12.9720823,77.6464991
Marathahalli,"11,29,332","11,20,935","9,42,426","3,75,796","3,69,706","2,02,837",99.30%,84.10%,39.90%,98.40%,"1,66,767",45.10%,18.00%,"₹3,57,48,713",9.01,₹160.03,"20,11,710",12.9552572,77.6984163
Domlur,"7,03,108","6,98,041","6,02,252","3,13,868","3,08,639","2,01,305",99.30%,86.30%,52.10%,98.30%,"1,07,215",34.70%,28.60%,"₹2,80,37,082",7.06,₹130.78,"15,07,904",12.9624669,77.6381958
HRBR Layout,"4,95,908","4,93,395","3,99,052","2,84,677","2,80,474","1,94,414",99.50%,80.90%,71.30%,98.50%,"85,982",30.70%,39.20%,"₹2,46,94,375",6.66,₹120.75,"13,65,275",13.0234478,77.6282108
Sampangiram Nagar,"9,18,287","9,11,485","7,63,612","3,61,001","3,55,542","1,88,850",99.30%,83.80%,47.30%,98.50%,"1,66,584",46.90%,20.60%,"₹2,80,29,607",7.69,₹137.83,"15,92,800",12.9764099,77.59121562190366
Madivala,"7,51,268","7,42,961","6,21,190","3,22,177","3,15,216","1,87,691",98.90%,83.60%,51.90%,97.80%,"1,27,466",40.40%,25.00%,"₹2,34,98,153",6.69,₹123.51,"12,83,390",12.7105292,77.7594262
Gandhinagar,"5,83,453","5,77,642","4,09,590","2,98,294","2,92,759","1,83,335",99.00%,70.90%,72.80%,98.10%,"1,09,334",37.40%,31.40%,"₹2,78,00,422",8.46,₹153.09,"15,74,607",12.9771534,77.5784005
Aramane Nagara,"5,46,489","5,42,221","4,16,957","2,85,980","2,79,386","1,80,884",99.20%,76.90%,68.60%,97.70%,"98,438",35.20%,33.10%,"₹2,49,79,189",7.22,₹128.38,"14,25,382",13.01442405,77.57549241386118
Jakkuru,"6,29,076","6,24,824","4,85,812","2,97,748","2,91,553","1,79,670",99.30%,77.80%,61.30%,97.90%,"1,11,831",38.40%,28.60%,"₹2,99,13,410",8.89,₹154.35,"17,43,306",13.074050549999999,77.61607728825783
Vinayakanagar,"5,64,655","5,59,717","4,61,557","2,80,715","2,75,406","1,73,474",99.10%,82.50%,60.80%,98.10%,"1,01,845",37.00%,30.70%,"₹2,32,02,000",7.48,₹133.85,"12,92,724",12.9645584,77.7541058
J P Nagar,"5,26,581","5,22,247","4,23,506","2,72,513","2,66,903","1,72,802",99.20%,81.10%,64.30%,97.90%,"93,999",35.20%,32.80%,"₹2,14,53,148",6.45,₹116.66,"11,86,151",12.9096941,77.5866067
Whitefield,"8,38,663","8,31,606","6,84,364","2,86,103","2,81,317","1,70,977",99.20%,82.30%,41.80%,98.30%,"1,10,293",39.20%,20.40%,"₹2,92,80,129",8.52,₹151.14,"16,79,399",12.9696365,77.7497448
Munnekollala,"9,93,367","9,83,688","8,31,207","3,02,856","2,97,146","1,66,505",99.00%,84.50%,36.40%,98.10%,"1,30,590",44.00%,16.80%,"₹2,95,76,393",9.04,₹159.13,"16,87,327",,
Ejipura,"5,95,161","5,89,132","4,96,076","2,73,619","2,68,768","1,63,779",99.00%,84.20%,55.20%,98.20%,"1,04,902",39.00%,27.50%,"₹2,10,92,572",6.47,₹122.29,"11,48,191",12.9467081,77.6286805
Jeevanbhima Nagar,"6,58,033","6,52,625","5,63,304","2,69,919","2,64,220","1,60,433",99.20%,86.30%,47.90%,97.90%,"1,03,743",39.30%,24.40%,"₹2,43,69,066",8.39,₹149.77,"13,67,391",12.96503885,77.65107364
Kempapura,"4,67,690","4,64,839","3,60,926","2,40,038","2,35,067","1,50,852",99.40%,77.60%,66.50%,97.90%,"84,173",35.80%,32.30%,"₹2,28,86,452",8.28,₹145.63,"13,22,285",13.0533141,77.6038277
HSR - Singasandra,"6,33,334","6,27,352","5,20,343","2,55,679","2,50,108","1,45,339",99.10%,82.90%,49.10%,97.80%,"1,04,704",41.90%,22.90%,"₹2,14,87,915",7.91,₹141.29,"12,09,859",,
Shakambari Nagar,"4,04,779","4,01,530","3,10,798","2,15,522","2,11,098","1,43,850",99.20%,77.40%,69.30%,97.90%,"67,203",31.80%,35.50%,"₹1,68,47,054",6.29,₹114.15,"9,35,402",12.9135785,77.5759435
New Thippasandra,"5,14,162","5,09,398","4,30,195","2,16,416","2,12,511","1,41,334",99.10%,84.50%,50.30%,98.20%,"71,126",33.50%,27.50%,"₹2,03,34,402",7.57,₹135.66,"11,38,133",12.9736956,77.6536931
Hudi,"6,24,101","6,19,409","5,05,072","2,41,433","2,37,996","1,39,066",99.30%,81.50%,47.80%,98.60%,"98,878",41.50%,22.30%,"₹2,40,67,402",8.59,₹152.37,"13,76,861",12.9819996,77.73030860252834
Ulsoor,"5,91,305","5,86,928","5,09,987","2,34,286","2,31,034","1,37,688",99.30%,86.90%,45.90%,98.60%,"93,291",40.40%,23.30%,"₹1,94,96,628",7.28,₹132.34,"10,87,433",12.9778793,77.6246697
Horamavu,"4,74,215","4,71,298","3,73,096","2,17,363","2,13,193","1,34,402",99.40%,79.20%,58.30%,98.10%,"78,766",37.00%,28.30%,"₹2,14,19,228",8.54,₹149.94,"12,43,702",13.0273312,77.6601508
C V Raman Nagar,"5,53,745","5,49,626","4,43,121","2,23,614","2,20,398","1,33,108",99.30%,80.60%,50.50%,98.60%,"87,237",39.60%,24.00%,"₹1,89,27,535",7.35,₹132.29,"10,61,714",12.9856478,77.6649767
BTM Layout,"5,92,216","5,86,375","4,86,876","2,31,084","2,25,865","1,31,673",99.00%,83.00%,47.50%,97.70%,"94,148",41.70%,22.20%,"₹1,71,59,245",6.85,₹126.39,"9,44,612",12.9151772,77.6102821
AECS Layout,"6,76,398","6,71,200","5,54,146","2,25,651","2,22,152","1,31,372",99.20%,82.60%,40.70%,98.40%,"90,735",40.80%,19.40%,"₹2,16,64,546",7.79,₹141.87,"12,21,715",13.0311884,77.5753526
Banasavadi,"3,99,496","3,96,889","3,20,276","1,96,872","1,93,129","1,29,571",99.40%,80.70%,61.50%,98.10%,"63,520",32.90%,32.40%,"₹1,81,19,313",7.33,₹131.58,"10,27,738",13.01460155,77.65348167762109
Hennur,"4,15,505","4,12,861","3,18,728","2,06,331","2,02,957","1,29,335",99.40%,77.20%,64.70%,98.40%,"73,580",36.30%,31.10%,"₹1,80,50,307",7.26,₹130.63,"10,26,125",13.0258087,77.6305067
N S Palya,"4,67,723","4,62,917","3,82,404","2,02,109","1,97,602","1,28,229",99.00%,82.60%,52.80%,97.80%,"69,328",35.10%,27.40%,"₹1,68,04,588",7.29,₹131.77,"9,32,215",12.9916248,77.53747755
Dodda Nekkundi,"6,07,388","6,02,318","4,96,200","2,14,444","2,10,757","1,27,586",99.20%,82.40%,43.20%,98.30%,"83,119",39.40%,21.00%,"₹2,15,82,457",8.44,₹148.42,"12,35,186",12.9686859,77.69660926
Jnana Bharathi,"3,19,314","3,16,723","2,27,074","1,86,083","1,82,666","1,25,721",99.20%,71.70%,82.00%,98.20%,"56,904",31.10%,39.40%,"₹1,63,82,506",7.13,₹124.87,"9,47,899",12.94393425,77.50918054
Sarakki,"3,40,594","3,37,939","2,69,400","1,93,160","1,88,967","1,25,071",99.20%,79.70%,71.70%,97.80%,"63,821",33.80%,36.70%,"₹1,49,15,086",6.07,₹111.14,"8,13,727",12.9087511,77.5798635
Subramanyapura,"3,55,850","3,52,874","2,69,420","1,86,568","1,82,249","1,24,196",99.20%,76.40%,69.30%,97.70%,"58,020",31.80%,34.90%,"₹1,72,48,916",7.97,₹139.95,"9,98,378",12.8963963,77.5377864
Pulikeshinagar,"3,72,621","3,70,303","3,05,602","1,86,689","1,84,193","1,22,558",99.40%,82.50%,61.10%,98.70%,"61,553",33.40%,32.90%,"₹1,46,06,750",5.85,₹110.85,"7,95,966",12.9957443,77.61173604711666
Kalkere,"4,74,310","4,71,110","3,80,594","1,95,394","1,92,404","1,21,528",99.30%,80.80%,51.30%,98.50%,"70,832",36.80%,25.60%,"₹1,97,39,152",8.75,₹154.38,"11,34,101",12.8315086,77.58851540951687
Ibluru,"5,29,396","5,24,454","4,51,357","1,96,173","1,92,428","1,20,717",99.10%,86.10%,43.50%,98.10%,"71,676",37.30%,22.80%,"₹1,87,02,426",8.26,₹146.46,"10,52,691",12.91216645,77.65464311500888
Kalena Agrahara,"4,70,987","4,65,367","3,74,447","1,89,087","1,85,254","1,20,613",98.80%,80.50%,50.50%,98.00%,"64,607",34.90%,25.60%,"₹2,05,90,403",9.98,₹172.89,"11,98,826",12.8658068,77.5911918
Vishveshwara Puram,"3,87,229","3,84,832","2,94,439","1,90,086","1,86,643","1,20,170",99.40%,76.50%,64.60%,98.20%,"66,426",35.60%,31.00%,"₹1,41,85,350",6.65,₹120.04,"7,95,860",12.94531465,77.58258736538443
Rajarajeshwari Nagar,"2,97,997","2,95,464","2,08,838","1,74,366","1,70,354","1,19,567",99.20%,70.70%,83.50%,97.70%,"50,761",29.80%,40.10%,"₹1,73,02,405",7.97,₹137.66,"10,13,757",12.9274413,77.5155224
Hulimavu,"3,99,563","3,95,970","3,17,072","1,86,245","1,82,318","1,19,094",99.10%,80.10%,58.70%,97.90%,"63,188",34.70%,29.80%,"₹1,72,54,752",7.91,₹141.18,"9,79,150",12.8773486,77.6028031
Mahadevapura,"5,19,993","5,16,186","4,22,924","1,97,874","1,95,067","1,16,959",99.30%,81.90%,46.80%,98.60%,"78,061",40.00%,22.50%,"₹1,80,52,185",7.57,₹137.16,"10,18,123",12.9965445,77.6927176
Belathur,"4,73,171","4,68,835","3,59,181","1,89,652","1,86,679","1,15,788",99.10%,76.60%,52.80%,98.40%,"70,818",37.90%,24.50%,"₹1,97,51,448",8.71,₹153.60,"11,38,460",13.00624164429341,77.75137247985484
Rupenaagrahara,"4,68,424","4,64,133","3,86,058","1,95,007","1,90,728","1,11,611",99.10%,83.20%,50.50%,97.80%,"79,081",41.50%,23.80%,"₹1,67,17,199",7.96,₹142.96,"9,48,513",,
Byatarayanapura,"3,26,788","3,24,286","2,47,453","1,72,205","1,68,796","1,10,246",99.20%,76.30%,69.60%,98.00%,"58,518",34.70%,33.70%,"₹1,73,87,578",8.48,₹148.43,"10,12,272",13.0666526,77.591967
Jogupalya,"3,52,576","3,49,570","2,98,481","1,65,972","1,63,111","1,08,242",99.20%,85.40%,55.60%,98.30%,"54,840",33.60%,30.70%,"₹1,38,70,184",6.39,₹118.33,"7,64,262",12.9746882,77.628026
Hemmigepura,"3,24,225","3,18,922","2,24,149","1,61,678","1,58,827","1,06,777",98.40%,70.30%,72.10%,98.20%,"52,002",32.70%,32.90%,"₹1,57,55,609",8.48,₹146.23,"9,24,865",12.8819289,77.4854975
Babusab Palya,"3,87,542","3,84,927","3,15,006","1,71,652","1,68,721","1,05,895",99.30%,81.80%,54.50%,98.30%,"62,790",37.20%,27.30%,"₹1,51,17,374",7.23,₹131.09,"8,54,485",13.0222011,77.6484372
Kogilu,"3,23,620","3,20,789","2,21,308","1,64,071","1,59,915","1,04,384",99.10%,69.00%,74.10%,97.50%,"55,521",34.70%,32.30%,"₹2,05,01,848",11.34,₹190.25,"12,29,470",13.103973,77.6167721
Konena Agrahara,"3,98,931","3,95,259","3,35,826","1,62,443","1,59,894","1,02,850",99.10%,85.00%,48.40%,98.40%,"57,016",35.70%,25.80%,"₹1,52,86,571",8.17,₹146.20,"8,59,142",12.9586061,77.6623373
Konanakunte,"2,88,519","2,86,472","2,17,972","1,58,009","1,54,765","1,01,021",99.30%,76.10%,72.50%,97.90%,"53,684",34.70%,35.00%,"₹1,28,39,437",6.87,₹122.45,"7,20,459",12.8792861,77.5697529
Sunkenahalli,"2,66,613","2,64,632","2,07,272","1,51,687","1,48,854","1,00,920",99.30%,78.30%,73.20%,98.10%,"47,886",32.20%,37.90%,"₹1,21,27,955",6.41,₹114.38,"6,86,467",12.948354250000001,77.57053439887503
Kadu Malleshwara,"2,34,374","2,32,026","1,77,602","1,42,192","1,39,524","1,00,728",99.00%,76.50%,80.10%,98.10%,"38,757",27.80%,43.00%,"₹1,29,11,553",7.26,₹127.05,"7,43,775",13.005185749999999,77.57174053414273
Subhash Nagar,"3,12,008","3,08,910","2,15,494","1,63,133","1,60,185","96,108",99.00%,69.80%,75.70%,98.20%,"64,030",40.00%,30.80%,"₹1,52,44,495",8.63,₹153.30,"8,65,902",12.9811053,77.56742183754457
Radhakrishna Temple Ward,"2,35,760","2,34,113","1,81,242","1,42,398","1,38,698","94,980",99.30%,77.40%,78.60%,97.40%,"43,684",31.50%,40.30%,"₹1,30,95,032",7.4,₹130.61,"7,49,821",13.0369829,77.57031320341127
Amrutahalli,"2,90,243","2,88,253","2,21,378","1,44,297","1,41,512","90,988",99.30%,76.80%,65.20%,98.10%,"50,503",35.70%,31.40%,"₹1,44,84,899",8.49,₹149.11,"8,40,939",13.0662319,77.6007646
Nagapura,"2,24,785","2,22,670","1,57,606","1,34,768","1,32,094","90,419",99.10%,70.80%,85.50%,98.00%,"41,635",31.50%,40.20%,"₹1,13,69,271",6.8,₹120.42,"6,47,417",13.0023468,77.5462675
Lingarajapura,"2,47,617","2,46,121","2,06,967","1,34,855","1,33,228","89,020",99.40%,84.10%,65.20%,98.80%,"44,176",33.20%,35.90%,"₹1,10,30,167",6.22,₹115.48,"6,11,475",13.0093949,77.6267881
Devasandra,"3,28,961","3,26,957","2,69,416","1,53,505","1,51,453","88,876",99.40%,82.40%,57.00%,98.70%,"62,507",41.30%,27.00%,"₹1,44,25,616",7.7,₹139.96,"7,93,244",13.0365718,77.5663875
Arakere,"2,97,635","2,95,178","2,36,337","1,34,482","1,31,785","88,063",99.20%,80.10%,56.90%,98.00%,"43,700",33.20%,29.60%,"₹1,27,50,606",7.82,₹139.77,"7,26,830",13.1992854,77.53463333015904
Bilekhalli,"3,41,292","3,37,884","2,79,585","1,38,524","1,35,758","86,611",99.00%,82.70%,49.50%,98.00%,"49,113",36.20%,25.40%,"₹1,23,55,272",8.19,₹144.87,"6,96,746",12.8976681,77.59845826702619
Lal Bahadur Nagar,"2,98,439","2,96,273","2,33,434","1,30,990","1,28,841","85,453",99.30%,78.80%,56.10%,98.40%,"43,354",33.70%,28.60%,"₹1,17,87,280",7.19,₹129.90,"6,63,330",12.96766245,77.67610377012093
Hombegowda Nagara,"2,97,006","2,95,059","2,42,405","1,34,879","1,32,613","84,882",99.30%,82.20%,55.60%,98.30%,"47,700",36.00%,28.60%,"₹1,02,91,927",6.4,₹119.14,"5,72,545",12.94914525,77.59813853450976
Sanjaya Nagar,"2,32,325","2,30,554","1,73,003","1,26,576","1,23,907","84,364",99.20%,75.00%,73.20%,97.90%,"39,515",31.90%,36.30%,"₹1,19,50,621",7.31,₹130.66,"6,90,457",13.035538899999999,77.5820333
Jalakanteshwara Nagara,"3,41,355","3,38,254","2,85,154","1,27,964","1,26,460","84,108",99.10%,84.30%,44.90%,98.80%,"42,323",33.50%,24.60%,"₹1,23,21,916",8.16,₹146.14,"6,90,292",12.9615738,77.5766408
Subramanya Nagar,"2,27,183","2,24,956","1,67,526","1,34,840","1,32,053","84,018",99.00%,74.50%,80.50%,97.90%,"47,975",36.30%,37.00%,"₹1,16,20,465",7.33,₹130.39,"6,58,156",13.002916899999999,77.55773710839819
A Narayanapura,"3,80,520","3,78,236","2,97,503","1,50,915","1,48,604","83,641",99.40%,78.70%,50.70%,98.50%,"64,929",43.70%,22.00%,"₹1,29,60,687",7.84,₹144.20,"7,24,832",12.9930799,77.6753587
Dharmaraya Swamy Temple Ward,"3,66,440","3,64,066","2,97,903","1,56,645","1,54,173","81,338",99.40%,81.80%,52.60%,98.40%,"72,800",47.20%,22.20%,"₹1,17,91,632",8.25,₹144.28,"6,77,451",,
Ganesh Mandir ward,"1,94,825","1,93,315","1,48,871","1,17,351","1,15,021","81,053",99.20%,77.00%,78.80%,98.00%,"33,945",29.50%,41.60%,"₹92,25,801",6.34,₹114.06,"5,18,193",12.9250985,77.55919970480537
Maruthi Seva Nagar,"2,42,742","2,41,202","1,99,286","1,22,196","1,20,619","77,966",99.40%,82.60%,61.30%,98.70%,"42,616",35.30%,32.10%,"₹1,04,65,501",6.83,₹125.11,"5,88,080",13.00317,77.6326118
Yediyur,"2,17,584","2,15,964","1,73,558","1,16,380","1,14,022","77,289",99.30%,80.40%,67.10%,98.00%,"36,701",32.20%,35.50%,"₹93,36,611",6.16,₹111.86,"5,24,159",12.933748999999999,77.57788392
RBI layout,"2,38,409","2,36,384","1,91,958","1,14,847","1,12,912","75,034",99.20%,81.20%,59.80%,98.30%,"37,859",33.50%,31.50%,"₹1,03,08,499",7.74,₹138.01,"5,86,125",12.8884396,77.580509
Basavanagudi,"1,86,676","1,85,269","1,41,789","1,07,661","1,05,222","74,855",99.30%,76.50%,75.90%,97.70%,"30,342",28.80%,40.10%,"₹87,39,365",5.93,₹106.91,"4,94,307",12.9417261,77.5755021
Ashoka Pillar,"2,40,165","2,38,394","1,93,374","1,16,459","1,14,382","74,768",99.30%,81.10%,60.20%,98.20%,"39,588",34.60%,31.10%,"₹88,92,465",6.24,₹113.58,"4,95,915",12.9437021,77.5852308
Shanthi Nagar,"2,95,377","2,93,117","2,50,398","1,19,619","1,17,491","74,214",99.20%,85.40%,47.80%,98.20%,"43,247",36.80%,25.10%,"₹88,32,651",6.12,₹113.80,"4,89,106",12.956202099999999,77.59900331436108
Hebbala,"2,10,018","2,08,859","1,60,264","1,13,237","1,11,227","74,191",99.50%,76.70%,70.70%,98.20%,"37,015",33.30%,35.30%,"₹1,04,51,800",7.18,₹128.16,"6,00,960",13.0338048,77.59245085306416
Jakkasandra,"2,93,539","2,90,421","2,34,646","1,22,559","1,20,381","71,542",98.90%,80.80%,52.20%,98.20%,"48,812",40.60%,24.40%,"₹1,00,09,357",7.65,₹137.15,"5,61,808",13.087091650000001,77.38269989
Vasanthpura,"1,97,481","1,95,766","1,46,501","1,06,645","1,04,593","71,270",99.10%,74.80%,72.80%,98.10%,"33,305",31.80%,36.10%,"₹91,66,566",7.22,₹127.94,"5,22,826",12.89527635,77.55058228260532
Chatrapati Shivaji,"2,46,998","2,45,430","1,68,460","1,23,534","1,21,287","70,969",99.40%,68.60%,73.30%,98.20%,"50,282",41.50%,28.70%,"₹1,18,52,321",10.02,₹176.51,"6,84,706",,
Ganga Nagar,"1,88,574","1,87,413","1,43,991","1,05,956","1,03,887","70,862",99.40%,76.80%,73.60%,98.00%,"33,000",31.80%,37.60%,"₹91,41,119",6.67,₹120.88,"5,17,686",13.0232471,77.5883569
Veeramadakari,"2,20,637","2,19,153","1,62,699","1,11,091","1,08,624","70,763",99.30%,74.20%,68.30%,97.80%,"37,831",34.80%,32.10%,"₹93,32,952",7.09,₹125.90,"5,37,835",,
Kodigehalli,"1,96,145","1,94,961","1,49,308","1,07,883","1,05,725","70,564",99.40%,76.60%,72.30%,98.00%,"35,140",33.20%,36.00%,"₹1,02,30,486",7.6,₹133.63,"5,93,640",12.97526665,77.46420272605263
Chunchaghatta,"2,17,645","2,15,880","1,68,160","1,02,629","1,00,846","69,785",99.20%,77.90%,61.00%,98.30%,"31,050",30.80%,32.10%,"₹98,09,361",8.04,₹142.83,"5,61,909",12.8854954,77.5750342
Girinagar,"1,51,298","1,50,124","1,09,429","94,526","92,674","68,559",99.20%,72.90%,86.40%,98.00%,"24,098",26.00%,45.30%,"₹81,20,554",6.16,₹110.86,"4,64,514",12.9401439,77.5444995
Vidyaranyapura,"1,62,334","1,61,161","1,15,878","94,688","92,989","68,434",99.30%,71.90%,81.70%,98.20%,"24,532",26.40%,42.20%,"₹1,02,60,458",8.23,₹142.87,"6,01,776",13.047385917333058,77.55707531083763
Puttenahalli - Sarakki Lake,"2,07,078","2,05,166","1,62,436","1,05,664","1,03,627","68,322",99.10%,79.20%,65.00%,98.10%,"35,287",34.10%,33.00%,"₹89,25,759",6.89,₹124.26,"5,02,544",,
Vijnana Nagar,"2,84,810","2,82,184","2,36,325","1,02,203","1,00,939","67,616",99.10%,83.70%,43.30%,98.80%,"33,306",33.00%,23.70%,"₹1,04,84,765",8.31,₹148.27,"5,91,561",12.97353085,77.68237468189531
Ramamurthy Nagara,"2,32,429","2,31,146","1,81,021","1,02,245","1,00,972","66,479",99.50%,78.30%,56.50%,98.80%,"34,467",34.10%,28.60%,"₹93,19,066",7.22,₹130.58,"5,26,973",13.0120218,77.6777817
Kacharkanahalli,"1,91,730","1,90,608","1,51,235","1,00,993","99,607","65,419",99.40%,79.30%,66.80%,98.60%,"34,157",34.30%,34.10%,"₹83,39,738",6.79,₹123.42,"4,68,312",13.0201456,77.63271304873194
New Bayappanahalli,"2,54,107","2,52,254","2,09,679","1,08,901","1,07,300","65,408",99.30%,83.10%,51.90%,98.50%,"41,874",39.00%,25.70%,"₹88,28,102",6.72,₹121.67,"4,95,902",,
Uttarahalli,"1,86,490","1,85,055","1,40,087","98,160","95,735","65,255",99.20%,75.70%,70.10%,97.50%,"30,463",31.80%,35.00%,"₹83,20,142",7.63,₹135.69,"4,73,598",12.9055682,77.5455438
Begur,"2,65,563","2,63,194","2,09,042","1,06,436","1,04,409","65,013",99.10%,79.40%,50.90%,98.10%,"39,383",37.70%,24.50%,"₹1,08,98,601",9.51,₹165.47,"6,32,169",13.15190935,77.32937699509326
Kaval Bairasandra,"1,93,601","1,92,567","1,52,405","97,995","96,136","63,841",99.50%,79.10%,64.30%,98.10%,"32,275",33.60%,33.00%,"₹85,33,133",6.86,₹124.91,"4,83,576",13.02836435,77.61154199298105
Malleswaram,"1,66,854","1,65,380","1,22,220","93,842","91,944","63,512",99.10%,73.90%,76.80%,98.00%,"28,406",30.90%,38.10%,"₹76,87,376",6.73,₹120.55,"4,36,550",13.0027353,77.5703253
Varthuru,"4,02,250","3,90,539","3,24,590","1,05,265","1,03,606","62,888",97.10%,83.10%,32.40%,98.40%,"40,705",39.30%,15.60%,"₹1,29,61,411",10.96,₹190.49,"7,59,723",12.987290349999999,77.40274404715151
Hagadur,"2,78,239","2,74,893","2,17,235","1,04,341","1,02,653","62,887",98.80%,79.00%,48.00%,98.40%,"39,751",38.70%,22.60%,"₹1,11,27,797",8.77,₹153.23,"6,43,245",12.964909380770878,77.75583872746743
Padmanabha Nagar,"1,58,399","1,57,105","1,20,091","90,719","88,380","62,331",99.20%,76.40%,75.50%,97.40%,"26,035",29.50%,39.40%,"₹73,40,332",6.31,₹113.41,"4,14,667",12.916279,77.5560752
Chamrajapet,"2,00,517","1,98,991","1,50,994","1,04,756","1,02,838","61,777",99.20%,75.90%,69.40%,98.20%,"41,031",39.90%,30.80%,"₹77,86,960",6.75,₹120.21,"4,45,176",12.95732895,77.56456126952216
Umamaheshwara Ward,"1,64,543","1,63,007","1,25,458","91,960","89,945","61,347",99.10%,77.00%,73.30%,97.80%,"28,580",31.80%,37.30%,"₹74,19,194",5.88,₹107.51,"4,18,110",,
Yelahanka Satellite Town,"1,69,746","1,68,473","1,20,260","96,807","95,135","61,324",99.30%,71.40%,80.50%,98.30%,"33,788",35.50%,36.10%,"₹98,08,967",8.69,₹149.50,"5,77,463",13.0889472,77.58785284691349
Anjanapura,"1,81,644","1,79,006","1,35,191","91,485","88,729","60,694",98.60%,75.50%,67.70%,97.00%,"28,021",31.60%,33.40%,"₹91,40,657",8.31,₹144.46,"5,31,947",12.8580811,77.5580713
Jayachamarajendra  Nagar,"1,67,767","1,66,630","1,30,339","90,839","89,181","60,216",99.30%,78.20%,69.70%,98.20%,"28,949",32.50%,35.90%,"₹78,87,322",6.65,₹120.71,"4,47,086",13.0156002,77.58771609804788
Jayamahal,"1,99,847","1,98,600","1,54,332","96,533","95,354","57,697",99.40%,77.70%,62.50%,98.80%,"37,629",39.50%,28.90%,"₹81,78,556",7.08,₹130.82,"4,49,166",12.9988116,77.5975789
Shettihalli,"1,72,369","1,70,961","1,21,801","87,975","86,145","56,658",99.20%,71.20%,72.20%,97.90%,"29,465",34.20%,32.90%,"₹76,92,274",7.57,₹131.12,"4,50,388",12.7528354,77.7305926
Lakkasandra,"2,44,683","2,42,974","2,02,937","96,480","94,954","56,502",99.30%,83.50%,47.50%,98.40%,"38,431",40.50%,23.10%,"₹73,61,671",6.97,₹126.23,"4,13,147",12.9432228,77.5997061
Dattatreya Temple,"1,39,810","1,38,323","1,04,347","81,795","80,384","56,306",98.90%,75.40%,78.40%,98.30%,"24,051",29.90%,40.30%,"₹70,92,611",6.58,₹118.04,"4,04,266",12.9976348,77.57487767705354
Medahalli,"2,10,416","2,08,912","1,60,872","89,864","88,720","56,103",99.30%,77.00%,55.90%,98.70%,"32,596",36.70%,26.70%,"₹95,02,663",8.86,₹157.11,"5,52,030",13.0278454,77.7206079
K R Puram,"2,46,849","2,45,151","1,81,931","96,758","95,586","55,788",99.30%,74.20%,53.20%,98.80%,"39,775",41.60%,22.60%,"₹87,30,663",8.15,₹144.68,"5,01,154",13.01627075,77.70324106561758
Garudachar Playa,"2,33,812","2,32,336","1,91,372","97,957","96,448","55,750",99.40%,82.40%,51.20%,98.50%,"40,674",42.20%,23.80%,"₹90,38,348",8.3,₹147.09,"5,10,788",,
Katriguppe,"1,36,402","1,35,253","1,00,769","81,074","79,166","55,446",99.20%,74.50%,80.50%,97.60%,"23,701",29.90%,40.60%,"₹64,75,234",6.52,₹117.47,"3,66,779",12.9280952,77.5488835
Devarachikkanahalli,"2,26,563","2,24,459","1,81,209","88,766","87,174","55,262",99.10%,80.70%,49.00%,98.20%,"31,900",36.60%,24.40%,"₹83,43,832",8.29,₹147.16,"4,75,621",12.879114170668498,77.60988724770755
Kempegowda Ward,"2,23,033","2,20,550","1,58,743","91,311","89,805","54,974",98.90%,72.00%,57.50%,98.40%,"34,816",38.80%,24.60%,"₹99,49,162",9.86,₹168.46,"5,92,827",13.11419655,77.59543967
Neelasandra,"2,20,700","2,19,466","1,87,313","90,231","88,979","54,805",99.40%,85.30%,48.20%,98.60%,"34,144",38.40%,24.80%,"₹64,63,739",5.83,₹110.57,"3,52,007",12.9521793,77.6140918
Kumaraswamy Layout,"1,43,853","1,42,737","1,05,455","82,322","80,684","54,590",99.20%,73.90%,78.10%,98.00%,"26,080",32.30%,38.00%,"₹63,71,132",6.39,₹114.23,"3,58,192",12.9067683,77.5595021
Thanisandra,"1,55,904","1,55,006","1,13,130","84,772","82,935","54,435",99.40%,73.00%,74.90%,97.80%,"28,487",34.40%,34.90%,"₹87,98,989",8.64,₹150.70,"5,14,432",13.0572273,77.6276673
Attiguppe,"1,22,277","1,21,113","83,123","74,314","72,200","52,845",99.10%,68.60%,89.40%,97.20%,"19,332",26.80%,43.20%,"₹64,67,725",6.97,₹123.87,"3,69,824",12.9618581,77.5335932
Ramaswamy Palya,"1,58,326","1,57,576","1,31,163","78,156","76,894","52,575",99.50%,83.20%,59.60%,98.40%,"24,304",31.60%,33.20%,"₹62,18,113",6.07,₹112.24,"3,44,823",12.9949716,77.6611707
Sudham Nagara,"2,07,651","2,06,119","1,68,626","88,531","86,990","51,838",99.30%,81.80%,52.50%,98.30%,"35,118",40.40%,25.00%,"₹71,47,733",7.44,₹132.63,"4,06,732",,
Kanneshwara Rama,"1,37,753","1,36,778","1,02,151","76,606","75,289","50,824",99.30%,74.70%,75.00%,98.30%,"24,444",32.50%,36.90%,"₹66,66,800",7.24,₹126.82,"3,83,834",,
Gurappanapalya,"2,19,358","2,17,350","1,75,884","97,073","95,401","50,729",99.10%,80.90%,55.20%,98.30%,"44,650",46.80%,23.10%,"₹65,98,625",6.94,₹126.23,"3,66,661",12.92427845,77.59520571551772
Basavanapura,"2,21,845","2,20,103","1,69,213","83,635","82,367","50,465",99.20%,76.90%,49.40%,98.50%,"31,894",38.70%,22.80%,"₹88,71,533",9.62,₹168.17,"5,16,880",13.2252819,77.576019
Kudlu,"2,36,803","2,34,065","1,97,098","81,672","80,368","50,108",98.80%,84.20%,41.40%,98.40%,"30,253",37.60%,21.20%,"₹83,78,598",9.02,₹159.12,"4,80,351",12.8889126,77.6555716
Sir M. Vishweshwaraiah,"1,18,310","1,17,288","78,883","70,564","68,993","49,703",99.10%,67.30%,89.50%,97.80%,"19,275",27.90%,42.00%,"₹70,42,823",7.65,₹131.90,"4,16,894",12.9705467,77.6507425
Mattikere,"1,27,532","1,26,489","91,822","74,048","72,560","49,681",99.20%,72.60%,80.60%,98.00%,"22,863",31.50%,39.00%,"₹62,40,282",6.83,₹121.59,"3,55,613",13.03543125,77.56245944742842
Someshwara Ward,"1,35,715","1,34,750","93,900","74,919","73,572","49,328",99.30%,69.70%,79.80%,98.20%,"24,230",32.90%,36.40%,"₹86,45,725",9.86,₹167.44,"5,16,119",12.975667467806815,77.62434018
Kuvempunagar,"1,46,326","1,45,244","1,05,110","75,973","74,164","49,239",99.30%,72.40%,72.30%,97.60%,"24,917",33.60%,33.70%,"₹74,73,265",8.65,₹148.64,"4,40,698",12.9090967,77.6121578
Someshwara Nagar,"2,02,532","2,01,374","1,60,896","84,826","83,617","48,356",99.40%,79.90%,52.70%,98.60%,"35,234",42.10%,23.90%,"₹69,48,587",7.55,₹133.60,"3,98,478",12.975667467806815,77.62434018
Nalvadi Krishnaraja Wadior Park,"1,15,514","1,14,506","75,953","68,469","66,856","48,127",99.10%,66.30%,90.10%,97.60%,"18,727",28.00%,41.70%,"₹70,63,617",8.19,₹140.92,"4,18,340",,
Vishwanath Nagenahalli,"1,54,030","1,53,201","1,18,304","73,656","72,720","47,891",99.50%,77.20%,62.30%,98.70%,"24,812",34.10%,31.10%,"₹65,30,937",6.53,₹119.33,"3,70,828",13.0388225,77.6033449
HAL Airport,"2,11,250","2,09,175","1,69,890","75,050","74,006","47,030",99.00%,81.20%,44.20%,98.60%,"26,966",36.40%,22.30%,"₹74,94,305",8.55,₹151.55,"4,28,553",12.95146575,77.67061749
Vikram Nagar,"1,19,772","1,18,755","89,035","66,520","64,768","45,251",99.20%,75.00%,74.70%,97.40%,"19,502",30.10%,37.80%,"₹58,00,764",7.24,₹129.76,"3,30,132",12.8994971,77.5613308
Dodda Bommasandra,"1,33,094","1,32,125","96,560","68,415","67,164","44,788",99.30%,73.10%,70.90%,98.20%,"22,363",33.30%,33.70%,"₹64,00,370",8.04,₹140.80,"3,73,067",13.0544346,77.55932688865724
Hanumanth Nagar,"1,11,343","1,10,436","78,939","63,637","62,055","44,418",99.20%,71.50%,80.60%,97.50%,"17,619",28.40%,39.90%,"₹51,96,937",6.75,₹118.14,"2,94,931",12.9473478,77.56347763268755
Rajamahal Guttahalli,"1,17,569","1,16,512","90,080","64,358","63,260","44,403",99.10%,77.30%,71.50%,98.30%,"18,841",29.80%,37.80%,"₹53,86,551",6.3,₹113.90,"3,04,299",13.001772899999999,77.57834674179693
Gottigere,"1,22,130","1,21,067","86,790","66,013","64,702","44,306",99.10%,71.70%,76.10%,98.00%,"20,384",31.50%,36.30%,"₹69,70,268",9.04,₹155.56,"4,05,976",12.8565317,77.5877237
Okalipuram,"1,38,471","1,37,027","1,05,136","78,599","77,551","44,243",99.00%,76.70%,74.80%,98.70%,"33,277",42.90%,31.90%,"₹61,59,044",6.79,₹122.73,"3,45,240",12.98239655,77.56483236
Bande Mutt,"1,48,773","1,47,190","93,694","68,336","66,875","43,599",98.90%,63.70%,72.90%,97.90%,"23,253",34.80%,29.30%,"₹65,21,990",8.47,₹149.11,"3,83,759",12.91133335,77.47445008704999
Hosakerehalli,"1,17,622","1,16,813","85,572","69,348","67,711","43,458",99.30%,73.30%,81.00%,97.60%,"24,243",35.80%,37.00%,"₹55,69,815",7.32,₹129.03,"3,21,161",12.9301881,77.5378332
Sriramamandir,"1,03,115","1,02,017","73,067","62,026","60,894","43,222",98.90%,71.60%,84.90%,98.20%,"17,655",29.00%,41.90%,"₹54,02,455",6.58,₹117.45,"3,11,932",12.9849684,77.55760838306867
Chokkasandra,"1,51,979","1,51,264","1,15,735","74,256","73,111","43,081",99.50%,76.50%,64.20%,98.50%,"30,011",41.00%,28.30%,"₹43,69,042",5.01,₹96.47,"2,37,432",13.02694575,77.51752163444843
Tilak Nagar,"1,65,973","1,64,860","1,35,480","73,314","71,905","42,761",99.30%,82.20%,54.10%,98.10%,"29,125",40.50%,25.80%,"₹52,38,333",6.98,₹126.96,"2,89,803",12.9275876,77.5947124
Manorayanapalya,"1,38,726","1,37,934","1,05,934","67,224","65,761","42,741",99.40%,76.80%,63.50%,97.80%,"23,005",35.00%,30.80%,"₹57,69,512",7.13,₹128.85,"3,26,215",13.031936649999999,77.60438186396622
Srinagar,"1,00,697","99,704","70,561","59,450","58,086","41,921",99.00%,70.80%,84.30%,97.70%,"16,144",27.80%,41.60%,"₹50,44,899",6.68,₹118.81,"2,89,196",12.9438817,77.5541768
Kengeri,"1,08,258","1,07,446","68,375","57,488","56,271","39,618",99.30%,63.60%,84.10%,97.90%,"16,645",29.60%,36.60%,"₹61,05,084",8.4,₹144.76,"3,62,715",12.9176571,77.4837568
Marappana Palya,"1,18,135","1,17,071","75,583","62,138","60,885","39,411",99.10%,64.60%,82.20%,98.00%,"21,463",35.30%,33.40%,"₹50,33,661",6.87,₹122.99,"2,87,228",,
Hampi Nagar,"95,276","94,422","65,398","57,118","55,601","39,198",99.10%,69.30%,87.30%,97.30%,"16,380",29.50%,41.10%,"₹49,96,931",6.72,₹120.11,"2,87,236",12.9609115,77.5358407
Ullal,"99,172","98,336","64,672","56,247","54,815","39,147",99.20%,65.80%,87.00%,97.50%,"15,658",28.60%,39.50%,"₹61,39,405",9.6,₹162.23,"3,67,154",12.951276107803738,77.49324187693902
Naganathapura,"1,71,381","1,69,665","1,31,681","66,576","65,568","38,620",99.00%,77.60%,50.60%,98.50%,"26,938",41.10%,22.50%,"₹74,16,872",10.4,₹179.22,"4,36,687",12.87179515,77.66559333834337
Kamakya Nagar,"1,09,692","1,08,757","82,046","58,708","57,518","38,541",99.20%,75.40%,71.50%,98.00%,"18,968",33.00%,35.10%,"₹47,04,595",6.01,₹109.83,"2,65,949",12.925283757674162,77.55012037117882
Mangammanapalya,"1,54,378","1,52,837","1,22,653","67,435","66,180","38,343",99.00%,80.30%,55.00%,98.10%,"27,818",42.00%,24.80%,"₹57,73,897",7.84,₹140.92,"3,25,690",12.8998659,77.63930687593918
Doddagollarahatti,"98,783","97,839","61,840","54,233","53,145","38,065",99.00%,63.20%,87.70%,98.00%,"15,069",28.30%,38.50%,"₹61,48,958",9,₹151.89,"3,69,997",,
T Dasarahalli,"1,16,879","1,16,132","81,881","62,233","61,128","37,945",99.40%,70.50%,76.00%,98.20%,"23,152",37.90%,32.50%,"₹44,28,407",6.41,₹115.27,"2,48,636",13.0457517,77.51404300816833
Vidyapeeta ward,"98,218","97,305","72,769","57,004","55,960","37,832",99.10%,74.80%,78.30%,98.20%,"18,111",32.40%,38.50%,"₹44,05,252",6.19,₹112.18,"2,47,727",12.934034700000002,77.56594155582614
Chamundi Nagara,"1,09,038","1,08,468","82,395","56,986","56,063","37,616",99.50%,76.00%,69.20%,98.40%,"18,434",32.90%,34.50%,"₹46,34,638",5.79,₹108.06,"2,58,432",13.02521195,77.59646995353445
Atturu Layout,"1,06,263","1,05,338","71,258","55,686","54,548","37,150",99.10%,67.60%,78.10%,98.00%,"17,385",31.90%,35.00%,"₹62,54,460",9,₹169.54,"3,72,076",13.0977865,77.5677646
J P Park,"1,07,208","1,06,388","77,661","55,905","54,791","37,081",99.20%,73.00%,72.00%,98.00%,"17,699",32.30%,34.60%,"₹49,36,530",6.65,₹119.43,"2,84,992",,
Nagarabhavi,"87,574","86,839","60,510","52,907","51,678","36,747",99.20%,69.70%,87.40%,97.70%,"14,920",28.90%,42.00%,"₹50,50,626",7.73,₹134.74,"2,95,639",12.9664182,77.5130777
Marenahalli,"83,523","82,785","56,507","51,111","49,970","36,141",99.10%,68.30%,90.50%,97.80%,"13,815",27.70%,43.30%,"₹43,40,983",7.04,₹124.10,"2,48,263",12.9687739,77.5306387
Dr. Raj Kumar Ward,"89,477","88,660","61,954","52,508","51,412","35,829",99.10%,69.90%,84.80%,97.90%,"15,561",30.30%,40.00%,"₹45,10,924",7.15,₹126.07,"2,57,641",,
Jaraganahalli,"1,10,924","1,10,009","85,970","59,511","58,207","35,674",99.20%,78.10%,69.20%,97.80%,"22,518",38.70%,32.20%,"₹40,62,345",6.79,₹121.30,"2,25,413",12.8992931,77.57726896
Chickpete,"1,85,488","1,83,645","1,50,079","93,173","92,089","34,980",99.00%,81.70%,62.10%,98.80%,"57,078",62.00%,18.90%,"₹58,08,054",9.79,₹167.33,"3,40,988",12.9701392,77.5775301
Gali Anjenaya Temple ward,"1,04,178","1,03,308","65,657","55,007","54,258","34,405",99.20%,63.60%,83.80%,98.60%,"19,834",36.50%,33.00%,"₹50,59,895",8.23,₹144.08,"2,88,389",,
Vannarapete,"99,365","98,763","79,376","50,576","49,797","33,723",99.40%,80.40%,63.70%,98.50%,"16,070",32.30%,33.90%,"₹40,82,537",6.51,₹117.94,"2,27,962",12.9599932,77.6176375
Kammanahalli,"1,11,511","1,10,898","87,583","55,916","55,260","33,576",99.50%,79.00%,63.80%,98.80%,"21,666",39.20%,30.10%,"₹44,12,131",6.67,₹121.53,"2,48,871",13.0148544,77.6382029
Defence Colony,"1,13,502","1,12,831","80,837","56,497","55,754","33,207",99.40%,71.60%,69.90%,98.70%,"22,522",40.40%,29.30%,"₹38,57,800",6.09,₹111.03,"2,17,101",12.976171,77.6435315
Kushal Nagar,"1,06,911","1,06,401","82,697","52,289","51,701","32,787",99.50%,77.70%,63.20%,98.90%,"18,908",36.60%,30.70%,"₹40,58,575",6.48,₹118.28,"2,27,574",13.0187848,77.6151144
Rajaji Nagar,"78,766","78,002","52,276","46,245","45,396","32,404",99.00%,67.00%,88.50%,98.20%,"12,979",28.60%,41.10%,"₹41,07,176",6.26,₹112.33,"2,35,670",12.9945793,77.55039666654265
Bommanahalli,"1,52,618","1,51,217","1,22,893","55,029","54,175","32,011",99.10%,81.30%,44.80%,98.40%,"22,152",40.90%,21.00%,"₹44,56,835",7.35,₹132.21,"2,49,748",12.9089453,77.6239038
Vijinapura,"1,25,088","1,24,310","95,925","52,300","51,728","31,626",99.40%,77.20%,54.50%,98.90%,"20,092",38.80%,25.30%,"₹45,21,821",7.46,₹134.92,"2,55,491",13.036240450000001,77.57101265390685
Srinivasa Nagar,"74,452","73,908","51,573","43,303","42,504","31,259",99.30%,69.80%,84.00%,98.20%,"11,234",26.40%,42.00%,"₹36,41,236",6.62,₹117.91,"2,07,210",12.9877574,77.5378544
Agaram,"1,40,342","1,39,281","1,13,197","52,499","51,730","31,096",99.20%,81.30%,46.40%,98.50%,"20,624",39.90%,22.20%,"₹41,44,647",7.01,₹127.39,"2,29,317",12.9417501,77.64130554414257
Gayithri Nagar,"77,922","77,120","52,814","44,397","43,591","31,052",99.00%,68.50%,84.10%,98.20%,"12,526",28.70%,39.90%,"₹37,14,235",6.33,₹114.27,"2,11,782",12.9976458,77.56232387
Vijayanagara Krishnadevaraya,"79,830","79,216","51,953","45,187","44,220","30,360",99.20%,65.60%,87.00%,97.90%,"13,851",31.30%,38.00%,"₹40,21,673",7.41,₹127.94,"2,35,209",,
Kammagondanahalli,"88,813","88,177","63,366","44,948","44,183","30,124",99.30%,71.90%,70.90%,98.30%,"14,051",31.80%,33.90%,"₹46,42,293",8.44,₹144.22,"2,74,443",13.07399225,77.51898923698187
Veerabhadranagar,"83,820","83,214","58,885","46,701","45,797","29,394",99.30%,70.80%,79.30%,98.10%,"16,390",35.80%,35.10%,"₹33,13,096",6.11,₹109.13,"1,86,855",,
Bharathi Nagar,"1,13,705","1,13,062","92,076","52,147","51,610","28,677",99.40%,81.40%,56.60%,99.00%,"22,911",44.40%,25.20%,"₹35,77,300",6.35,₹116.49,"1,97,970",12.98915825,77.61173545486893
Yelachenahalli,"92,064","91,284","68,402","48,782","47,953","28,465",99.20%,74.90%,71.30%,98.30%,"19,475",40.60%,30.90%,"₹35,43,903",6.32,₹115.22,"1,99,914",12.897971,77.5700846
Deen Dayalu Ward,"86,800","86,185","60,896","45,429","44,423","28,289",99.30%,70.70%,74.60%,97.80%,"16,127",36.30%,32.60%,"₹34,87,579",7.42,₹131.25,"1,98,272",,
Kadugondanahalli,"94,784","94,377","71,903","46,635","45,936","28,083",99.60%,76.20%,64.90%,98.50%,"17,837",38.80%,29.60%,"₹34,74,646",6.17,₹113.46,"1,93,981",13.0207029,77.6215464
Sagayarapuram,"98,658","98,158","79,329","46,502","46,108","28,010",99.50%,80.80%,58.60%,99.20%,"18,086",39.20%,28.40%,"₹32,70,499",5.85,₹108.30,"1,78,616",13.00528525,77.61636237
Chanakya,"96,377","95,232","57,457","46,149","44,733","27,699",98.80%,60.30%,80.30%,96.90%,"17,027",38.10%,28.70%,"₹38,52,559",7.52,₹136.38,"2,21,877",13.2246581,77.75702488939133
Shivanagara,"64,174","63,577","43,741","38,676","37,977","27,691",99.10%,68.80%,88.40%,98.20%,"10,269",27.00%,43.10%,"₹33,83,414",6.63,₹117.86,"1,93,984",12.9879221,77.5467906
Mahalakshimpuram,"65,516","64,850","44,936","39,445","38,745","27,477",99.00%,69.30%,87.80%,98.20%,"11,250",29.00%,41.90%,"₹33,70,934",6.53,₹116.34,"1,93,461",,
Basaveshwara Nagar,"58,527","57,844","40,053","36,905","36,131","27,146",98.80%,69.20%,92.10%,97.90%,"8,976",24.80%,46.40%,"₹33,50,801",7.74,₹132.38,"1,94,172",12.99118045,77.54489175084052
Vidyamanyanagar,"75,939","75,319","48,394","40,083","38,827","26,581",99.20%,64.30%,82.80%,96.90%,"12,238",31.50%,35.00%,"₹42,53,108",8.98,₹151.45,"2,55,355",13.0071319,77.4896353
Peenya,"91,034","90,256","62,590","46,109","45,149","26,421",99.20%,69.30%,73.70%,97.90%,"18,711",41.40%,29.00%,"₹35,43,467",7.85,₹138.30,"2,06,158",13.0330515,77.5332233
Chowdeswari Ward,"90,118","88,903","60,275","42,773","41,720","26,194",98.70%,67.80%,71.00%,97.50%,"15,518",37.20%,29.10%,"₹53,13,533",11.42,₹193.13,"3,22,290",13.105721599999999,77.58300836953514
Govindaraja Nagar,"56,479","55,909","37,517","34,726","33,936","25,734",99.00%,67.10%,92.60%,97.70%,"8,195",24.10%,45.60%,"₹33,03,480",6.92,₹122.15,"1,92,036",12.98033475,77.53791538448837
Maruthi Mandir ward,"59,573","59,060","39,759","36,081","35,073","25,648",99.10%,67.30%,90.80%,97.20%,"9,417",26.90%,43.00%,"₹33,53,990",7.65,₹133.05,"1,94,119",12.9703764,77.5263573
Kamakshipalya,"57,410","56,844","38,391","35,243","34,658","25,365",99.00%,67.50%,91.80%,98.30%,"9,284",26.80%,44.20%,"₹32,63,544",6.98,₹124.77,"1,89,598",12.9823617,77.5226376
Avalahalli,"67,045","66,451","46,911","38,773","37,890","24,789",99.10%,70.60%,82.70%,97.70%,"13,090",34.50%,37.00%,"₹33,15,008",7.5,₹132.55,"1,89,999",12.9475443,77.54521185586837
Banashankari Temple ward,"85,840","85,171","60,417","42,008","41,326","24,423",99.20%,70.90%,69.50%,98.40%,"16,888",40.90%,28.40%,"₹25,98,862",5.61,₹103.27,"1,41,898",12.9117374,77.57033282631957
Kadugodi,"1,14,762","1,13,298","84,957","40,959","40,210","24,200",98.70%,75.00%,48.20%,98.20%,"16,001",39.80%,21.10%,"₹45,37,344",8.91,₹155.22,"2,67,519",12.9957428,77.7579489
Bagalakunte,"80,540","80,086","53,963","37,043","36,470","23,104",99.40%,67.40%,68.70%,98.50%,"13,344",36.60%,28.70%,"₹30,01,387",6.12,₹112.39,"1,73,032",13.053630550000001,77.50196713347404
Hosahalli,"55,891","55,379","38,890","33,599","32,751","22,777",99.10%,70.20%,86.40%,97.50%,"9,970",30.40%,40.80%,"₹28,91,049",6.7,₹118.29,"1,67,216",12.9690686,77.5427797
Shankar Matt,"53,607","53,055","36,312","32,452","31,755","22,594",99.00%,68.40%,89.40%,97.90%,"9,155",28.80%,42.10%,"₹27,47,829",6.5,₹114.19,"1,58,582",12.997768149999999,77.53334700522072
Nelagadderanahalli,"70,269","69,751","52,684","33,633","33,005","20,820",99.30%,75.50%,63.80%,98.10%,"12,173",36.90%,29.60%,"₹27,89,659",7.24,₹125.97,"1,62,660",,
Dodda Bidarakallu,"75,747","75,035","49,346","34,318","33,515","20,643",99.10%,65.80%,69.50%,97.70%,"12,864",38.40%,27.30%,"₹33,25,375",8.39,₹144.62,"1,98,915",13.02682265,77.48738795
Vijayanagar,"54,745","54,304","37,527","30,855","30,132","20,474",99.20%,69.10%,82.20%,97.70%,"9,645",32.00%,37.40%,"₹22,56,693",5.67,₹102.67,"1,26,023",12.9709537,77.5373851
Prakash Nagar,"50,760","50,320","34,779","29,499","28,934","19,727",99.10%,69.10%,84.80%,98.10%,"9,197",31.80%,38.90%,"₹23,17,255",6.67,₹117.97,"1,31,028",12.9948984,77.5635409
Shakthi Ganapathi Nagar,"45,353","44,976","30,181","27,389","26,831","19,527",99.20%,67.10%,90.80%,98.00%,"7,288",27.20%,43.10%,"₹24,48,766",6.77,₹119.28,"1,42,028",12.993783,77.5360361
Chandra Layout,"50,247","49,912","34,372","28,748","28,165","19,187",99.30%,68.90%,83.60%,98.00%,"8,972",31.90%,38.20%,"₹24,56,871",7.12,₹124.05,"1,41,833",12.965293,77.5181551
Herohalli,"47,952","47,600","29,755","26,798","26,192","18,276",99.30%,62.50%,90.10%,97.70%,"7,916",30.20%,38.10%,"₹27,24,334",9.7,₹162.35,"1,62,105",12.9841581,77.49061983577653
Agrahara Dasarahalli,"43,027","42,536","27,331","25,002","24,554","18,053",98.90%,64.30%,91.50%,98.20%,"6,496",26.50%,42.00%,"₹24,01,294",7.51,₹127.94,"1,39,769",12.9790631,77.5406823
Puneet Rajkumar,"45,863","45,416","30,747","26,816","26,265","18,033",99.00%,67.70%,87.20%,97.90%,"8,224",31.30%,39.30%,"₹21,48,483",6.3,₹112.20,"1,23,322",13.015033599999999,77.53371976956359
Nandini Layout,"44,061","43,724","30,100","26,165","25,692","17,747",99.20%,68.80%,86.90%,98.20%,"7,935",30.90%,40.30%,"₹22,03,322",7.98,₹136.49,"1,27,506",13.0104064,77.5378032
Binnipete,"59,606","59,100","43,772","30,868","30,446","17,157",99.20%,74.10%,70.50%,98.60%,"13,280",43.60%,28.80%,"₹21,73,390",6.03,₹109.08,"1,24,006",12.972283399999998,77.55950501935607
Nagavara,"68,797","68,313","48,922","29,950","29,541","17,006",99.30%,71.60%,61.20%,98.60%,"12,528",42.40%,24.70%,"₹21,28,376",6.27,₹115.24,"1,18,358",13.0374647,77.623602
Rajagopal Nagar,"49,249","48,787","35,227","25,452","24,943","16,453",99.10%,72.20%,72.30%,98.00%,"8,483",34.00%,33.40%,"₹21,43,115",6.57,₹116.78,"1,24,679",13.0123112,77.51386110257104
Ranadheera Kanteerava,"46,845","46,412","30,623","25,551","24,906","16,164",99.10%,66.00%,83.40%,97.50%,"8,733",35.10%,34.50%,"₹19,33,328",6.37,₹112.10,"1,11,080",,
Hongasandra,"66,045","65,467","52,043","27,198","26,768","15,798",99.10%,79.50%,52.30%,98.40%,"10,964",41.00%,23.90%,"₹23,11,899",7.83,₹141.91,"1,31,471",12.8974892,77.6250869
Cottonpete,"67,650","66,994","50,956","32,826","32,405","15,118",99.00%,76.10%,64.40%,98.70%,"17,281",53.30%,22.40%,"₹20,35,209",6.58,₹118.78,"1,17,399",12.9656327,77.5658857
Dayananda Nagar,"35,860","35,491","25,987","20,503","20,224","13,486",99.00%,73.20%,78.90%,98.60%,"6,736",33.30%,37.60%,"₹14,87,424",5.72,₹103.47,"83,810",12.991757849999999,77.56429568
Mudalapalya,"34,182","33,913","21,506","19,335","18,953","12,984",99.20%,63.40%,89.90%,98.00%,"5,964",31.50%,38.00%,"₹16,22,413",5.85,₹105.07,"93,384",12.972678049999999,77.52162754647887
Nayandahalli,"41,688","41,360","27,115","20,901","20,511","12,926",99.20%,65.60%,77.10%,98.10%,"7,576",36.90%,31.00%,"₹18,26,005",9.05,₹160.09,"1,05,622",12.9413253,77.5212118
Venkateshpura,"53,359","53,147","41,072","23,750","23,529","12,897",99.60%,77.30%,57.80%,99.10%,"10,623",45.10%,24.20%,"₹14,53,487",6.19,₹112.54,"79,501",,
Azad Nagar,"39,763","39,483","28,953","21,302","20,954","12,675",99.30%,73.30%,73.60%,98.40%,"8,270",39.50%,31.90%,"₹15,32,784",7.01,₹125.33,"87,562",12.9543158,77.55375374278954
Jai Maruthinagara,"33,022","32,752","22,329","19,042","18,500","12,151",99.20%,68.20%,85.30%,97.20%,"6,338",34.30%,36.80%,"₹13,97,378",5.52,₹100.04,"79,844",,
Sunkadakatte,"34,069","33,799","21,816","18,322","17,930","11,471",99.20%,64.50%,84.00%,97.90%,"6,451",36.00%,33.70%,"₹14,85,675",7,₹138.03,"85,935",12.995024,77.5065272
Mallasandra,"35,455","35,213","25,485","17,802","17,359","11,329",99.30%,72.40%,69.80%,97.50%,"6,028",34.70%,31.90%,"₹13,98,636",6.89,₹121.69,"80,245",13.0569525,77.52094665980465
Veera Sindhura Lakshamana,"33,045","32,761","21,258","17,405","17,019","11,116",99.10%,64.90%,81.90%,97.80%,"5,900",34.70%,33.60%,"₹13,59,938",6.11,₹109.98,"78,414",,
Kaveripura,"28,034","27,744","18,644","15,486","15,239","9,824",99.00%,67.20%,83.10%,98.40%,"5,412",35.50%,35.00%,"₹13,13,810",7.12,₹123.67,"76,749",12.9816539,77.52633631772794
Hegganahalli,"29,838","29,557","19,390","15,783","15,383","9,628",99.10%,65.60%,81.40%,97.50%,"5,750",37.40%,32.30%,"₹12,61,951",8.58,₹149.67,"73,342",13.0035647,77.5127828
Vrisabhavathi Nagar,"27,199","26,940","17,322","14,909","14,631","9,475",99.10%,64.30%,86.10%,98.10%,"5,149",35.20%,34.80%,"₹11,45,896",6.27,₹110.72,"65,907",12.988519,77.52552179234208
Rajeshwari Nagar,"28,779","28,581","18,659","14,870","14,391","9,020",99.30%,65.30%,79.70%,96.80%,"5,365",37.30%,31.30%,"₹10,82,889",6.25,₹112,"62,331",12.932582,77.5162034
Muneshwara Nagar,"34,615","34,416","25,294","15,178","15,016","8,025",99.40%,73.50%,60.00%,98.90%,"6,985",46.50%,23.20%,"₹9,67,405",6.62,₹122.02,"53,837",13.0155777,77.61090664984235
Jagajivanaram Nagar,"26,740","26,526","19,388","13,672","13,471","6,957",99.20%,73.10%,70.50%,98.50%,"6,512",48.30%,26.00%,"₹9,32,470",9.07,₹155.48,"53,891",,
Lakshmi Devi Nagar,"19,623","19,467","12,660","10,597","10,356","6,580",99.20%,65.00%,83.70%,97.70%,"3,774",36.40%,33.50%,"₹7,84,021",7.66,₹133.48,"44,959",13.0161192,77.527197
S K Garden,"28,317","28,182","21,614","11,877","11,800","6,492",99.50%,76.70%,54.90%,99.40%,"5,305",45.00%,22.90%,"₹8,17,438",7.25,₹132.63,"45,511",13.01239565,77.59984175420259
Chalavadipalya,"23,758","23,618","17,271","11,491","11,350","6,328",99.40%,73.10%,66.50%,98.80%,"5,013",44.20%,26.60%,"₹8,14,489",6.59,₹121.66,"46,499",12.9643692,77.56304464788067
Padarayanapura,"20,946","20,772","14,648","10,189","9,934","5,098",99.20%,70.50%,69.60%,97.50%,"4,830",48.60%,24.30%,"₹7,11,850",8.93,₹157.83,"40,182",12.96366575,77.54756740743159
Bapuji Nagar,"18,887","18,768","12,466","9,740","9,629","5,074",99.40%,66.40%,78.10%,98.90%,"4,552",47.30%,26.90%,"₹6,34,454",6.99,₹128.51,"36,059",12.9556699,77.5402492
Kempapura Agrahara,"16,628","16,463","11,059","8,049","7,934","4,452",99.00%,67.20%,72.80%,98.60%,"3,479",43.90%,26.80%,"₹5,20,021",6.26,₹112.07,"29,348",12.9706228,77.5553763
Devaraj Urs Nagar,"17,831","17,746","12,387","8,865","8,724","4,040",99.50%,69.80%,71.60%,98.40%,"4,683",53.70%,22.70%,"₹5,07,415",5.45,₹97.72,"28,547",12.960608149999999,77.55159898694129
Devara Jeevanahalli,"9,611","9,548","7,245","3,770","3,730","1,407",99.30%,75.90%,52.00%,98.90%,"2,323",62.30%,14.60%,"₹1,90,579",5.9,₹114,"10,687",13.0154727,77.60572839136377
Bangalore Total,"6,73,34,064","6,64,43,051","5,29,16,372","3,00,17,755","2,94,53,513","1,86,28,581",98.70%,79.60%,56.70%,98.10%,"1,08,17,296",36.70%,27.70%,"₹2,67,99,10,491",8.16,₹143.86,"15,20,07,679",12.9818541,77.7215829